run_id,case_id,condition,status,elapsed_seconds,input_tokens,output_tokens,estimated_call_cost_usd,retry_attempts_used,error_message
MR001_LC,F001_C01,Long_Context,LIVE_CALL_COMPLETED,10.049461603164673,50707,503,0.268625,0,
MR001_RAG,F001_C01,RAG,LIVE_CALL_COMPLETED,6.535337924957275,8826,445,0.057480,0,
MR002_LC,F001_C02,Long_Context,LIVE_CALL_COMPLETED,6.9793701171875,50714,324,0.263290,0,
MR002_RAG,F001_C02,RAG,LIVE_CALL_COMPLETED,4.641325235366821,9081,349,0.055875,0,
MR003_LC,F001_C03,Long_Context,LIVE_CALL_COMPLETED,5.7695229053497314,50720,386,0.265180,0,
MR003_RAG,F001_C03,RAG,LIVE_CALL_COMPLETED,6.121406078338623,7789,436,0.052025,0,
MR004_LC,F001_C04,Long_Context,LIVE_CALL_COMPLETED,6.79245400428772,50705,384,0.265045,0,
MR004_RAG,F001_C04,RAG,LIVE_CALL_COMPLETED,5.036322355270386,8493,304,0.051585,0,
MR005_LC,F001_C05,Long_Context,LIVE_CALL_COMPLETED,4.485299825668335,50696,309,0.262750,0,
MR005_RAG,F001_C05,RAG,LIVE_CALL_COMPLETED,4.43355393409729,8780,311,0.053230,0,
MR006_LC,F001_C06,Long_Context,LIVE_CALL_COMPLETED,5.882483959197998,50703,422,0.266175,0,
MR006_RAG,F001_C06,RAG,LIVE_CALL_COMPLETED,6.466477155685425,9069,412,0.057705,0,
MR007_LC,F001_C07,Long_Context,LIVE_CALL_COMPLETED,12.151932001113892,50692,839,0.278630,0,
MR007_RAG,F001_C07,RAG,LIVE_CALL_COMPLETED,9.01748538017273,8704,599,0.061490,0,
MR008_LC,F001_C08,Long_Context,LIVE_CALL_COMPLETED,12.291428089141846,50695,785,0.277025,0,
MR008_RAG,F001_C08,RAG,LIVE_CALL_COMPLETED,8.669242143630981,8838,391,0.055920,0,
MR009_LC,F002_C01,Long_Context,LIVE_CALL_COMPLETED,7.89412260055542,71576,420,0.370480,0,
MR009_RAG,F002_C01,RAG,LIVE_CALL_COMPLETED,5.025613307952881,12962,347,0.075220,0,
MR010_LC,F002_C02,Long_Context,LIVE_CALL_COMPLETED,5.210919141769409,71576,333,0.367870,0,
MR010_RAG,F002_C02,RAG,LIVE_CALL_COMPLETED,4.218315839767456,9120,295,0.054450,0,
MR011_LC,F002_C03,Long_Context,LIVE_CALL_COMPLETED,8.474273204803467,71603,499,0.372985,0,
MR011_RAG,F002_C03,RAG,LIVE_CALL_COMPLETED,11.98909330368042,7988,755,0.062590,0,
MR012_LC,F002_C04,Long_Context,LIVE_CALL_COMPLETED,5.09837794303894,71566,315,0.367280,0,
MR012_RAG,F002_C04,RAG,LIVE_CALL_COMPLETED,4.435100317001343,8633,322,0.052825,0,
MR013_LC,F002_C05,Long_Context,LIVE_CALL_COMPLETED,5.523664951324463,71567,375,0.369085,0,
MR013_RAG,F002_C05,RAG,LIVE_CALL_COMPLETED,4.010625600814819,8961,272,0.052965,0,
MR014_LC,F002_C06,Long_Context,LIVE_CALL_COMPLETED,20.274216890335083,71572,1055,0.389510,0,
MR014_RAG,F002_C06,RAG,LIVE_CALL_COMPLETED,7.562455654144287,8852,525,0.060010,0,
MR015_LC,F002_C07,Long_Context,LIVE_CALL_COMPLETED,16.27754306793213,71571,1049,0.389325,0,
MR015_RAG,F002_C07,RAG,LIVE_CALL_COMPLETED,5.039954900741577,9288,326,0.056220,0,
MR016_LC,F002_C08,Long_Context,LIVE_CALL_COMPLETED,8.05070447921753,71576,520,0.373480,0,
MR016_RAG,F002_C08,RAG,LIVE_CALL_COMPLETED,5.642382860183716,8768,391,0.055570,0,
MR017_LC,F003_C01,Long_Context,LIVE_CALL_COMPLETED,11.349892616271973,349083,453,1.759005,0,
MR017_RAG,F003_C01,RAG,LIVE_CALL_COMPLETED,4.824896335601807,9569,398,0.059785,0,
MR018_LC,F003_C02,Long_Context,LIVE_CALL_COMPLETED,10.684340715408325,349077,406,1.757565,0,
MR018_RAG,F003_C02,RAG,LIVE_CALL_COMPLETED,4.530876398086548,10177,311,0.060215,0,
MR019_LC,F003_C03,Long_Context,LIVE_CALL_COMPLETED,9.502964973449707,349072,345,1.755710,0,
MR019_RAG,F003_C03,RAG,LIVE_CALL_COMPLETED,3.843543291091919,9557,309,0.057055,0,
MR020_LC,F003_C04,Long_Context,LIVE_CALL_COMPLETED,10.896329164505005,349077,388,1.757025,0,
MR020_RAG,F003_C04,RAG,LIVE_CALL_COMPLETED,6.004547834396362,10480,405,0.064550,0,
MR021_LC,F003_C05,Long_Context,LIVE_CALL_COMPLETED,10.156713724136353,349063,420,1.757915,0,
MR021_RAG,F003_C05,RAG,LIVE_CALL_COMPLETED,4.702772378921509,9871,373,0.060545,0,
MR022_LC,F003_C06,Long_Context,LIVE_CALL_COMPLETED,18.952538013458252,349067,957,1.774045,0,
MR022_RAG,F003_C06,RAG,LIVE_CALL_COMPLETED,14.860944986343384,10150,863,0.076640,0,
MR023_LC,F003_C07,Long_Context,LIVE_CALL_COMPLETED,22.96732234954834,349070,1208,1.781590,0,
MR023_RAG,F003_C07,RAG,LIVE_CALL_COMPLETED,12.570249080657959,10363,714,0.073235,0,
MR024_LC,F003_C08,Long_Context,LIVE_CALL_COMPLETED,18.19904088973999,349066,933,1.773320,0,
MR024_RAG,F003_C08,RAG,LIVE_CALL_COMPLETED,7.465277433395386,8618,511,0.058420,0,
MR025_LC,F004_C01,Long_Context,LIVE_CALL_COMPLETED,9.078755617141724,297254,359,1.497040,0,
MR025_RAG,F004_C01,RAG,LIVE_CALL_COMPLETED,4.054568529129028,8851,285,0.052805,0,
MR026_LC,F004_C02,Long_Context,LIVE_CALL_COMPLETED,10.82797908782959,297256,276,1.494560,0,
MR026_RAG,F004_C02,RAG,LIVE_CALL_COMPLETED,4.2649829387664795,9680,326,0.058180,0,
MR027_LC,F004_C03,Long_Context,LIVE_CALL_COMPLETED,8.271101474761963,297239,293,1.494985,0,
MR027_RAG,F004_C03,RAG,LIVE_CALL_COMPLETED,3.7537734508514404,9434,266,0.055150,0,
MR028_LC,F004_C04,Long_Context,LIVE_CALL_COMPLETED,9.308897733688354,297240,349,1.496670,0,
MR028_RAG,F004_C04,RAG,LIVE_CALL_COMPLETED,3.808267831802368,9768,320,0.058440,0,
MR029_LC,F004_C05,Long_Context,LIVE_CALL_COMPLETED,9.294313430786133,297249,394,1.498065,0,
MR029_RAG,F004_C05,RAG,LIVE_CALL_COMPLETED,4.6897149085998535,8120,357,0.051310,0,
MR030_LC,F004_C06,Long_Context,LIVE_CALL_COMPLETED,14.46949028968811,297243,768,1.509255,0,
MR030_RAG,F004_C06,RAG,LIVE_CALL_COMPLETED,11.666187047958374,9174,802,0.069930,0,
MR031_LC,F004_C07,Long_Context,LIVE_CALL_COMPLETED,16.18032145500183,297247,749,1.508705,0,
MR031_RAG,F004_C07,RAG,LIVE_CALL_COMPLETED,4.8089048862457275,10157,361,0.061615,0,
MR032_LC,F004_C08,Long_Context,LIVE_CALL_COMPLETED,18.7174711227417,297240,761,1.509030,0,
MR032_RAG,F004_C08,RAG,LIVE_CALL_COMPLETED,6.1196911334991455,9329,408,0.058885,0,
MR033_LC,F005_C01,Long_Context,LIVE_CALL_COMPLETED,7.248625993728638,125319,447,0.640005,0,
MR033_RAG,F005_C01,RAG,LIVE_CALL_COMPLETED,6.1153059005737305,8618,349,0.053560,0,
MR034_LC,F005_C02,Long_Context,LIVE_CALL_COMPLETED,6.0069169998168945,125316,353,0.637170,0,
MR034_RAG,F005_C02,RAG,LIVE_CALL_COMPLETED,6.077908039093018,9449,368,0.058285,0,
MR035_LC,F005_C03,Long_Context,LIVE_CALL_COMPLETED,7.796189785003662,125311,483,0.641045,0,
MR035_RAG,F005_C03,RAG,LIVE_CALL_COMPLETED,6.716863632202148,7714,326,0.048350,0,
MR036_LC,F005_C04,Long_Context,LIVE_CALL_COMPLETED,7.159111499786377,125294,348,0.636910,0,
MR036_RAG,F005_C04,RAG,LIVE_CALL_COMPLETED,4.650149345397949,8523,267,0.050625,0,
MR037_LC,F005_C05,Long_Context,LIVE_CALL_COMPLETED,6.696966648101807,125305,387,0.638135,0,
MR037_RAG,F005_C05,RAG,LIVE_CALL_COMPLETED,6.285895347595215,9183,437,0.059025,0,
MR038_LC,F005_C06,Long_Context,LIVE_CALL_COMPLETED,12.04639744758606,125302,816,0.650990,0,
MR038_RAG,F005_C06,RAG,LIVE_CALL_COMPLETED,7.0548505783081055,8830,454,0.057770,0,
MR039_LC,F005_C07,Long_Context,LIVE_CALL_COMPLETED,12.167630910873413,125306,726,0.648310,0,
MR039_RAG,F005_C07,RAG,LIVE_CALL_COMPLETED,7.83784556388855,12139,544,0.077015,0,
MR040_LC,F005_C08,Long_Context,LIVE_CALL_COMPLETED,17.704360723495483,125298,877,0.652800,0,
MR040_RAG,F005_C08,RAG,LIVE_CALL_COMPLETED,7.175894021987915,8641,461,0.057035,0,
MR041_LC,F006_C01,Long_Context,LIVE_CALL_COMPLETED,6.707078695297241,178873,336,0.904445,0,
MR041_RAG,F006_C01,RAG,LIVE_CALL_COMPLETED,7.789122581481934,8828,569,0.061210,0,
MR042_LC,F006_C02,Long_Context,LIVE_CALL_COMPLETED,6.273923635482788,178876,346,0.904760,0,
MR042_RAG,F006_C02,RAG,LIVE_CALL_COMPLETED,4.575303792953491,9457,344,0.057605,0,
MR043_LC,F006_C03,Long_Context,LIVE_CALL_COMPLETED,7.741625785827637,178882,451,0.907940,0,
MR043_RAG,F006_C03,RAG,LIVE_CALL_COMPLETED,4.442596673965454,7980,334,0.049920,0,
MR044_LC,F006_C04,Long_Context,LIVE_CALL_COMPLETED,8.081652641296387,178868,323,0.904030,0,
MR044_RAG,F006_C04,RAG,LIVE_CALL_COMPLETED,4.4903154373168945,9239,277,0.054505,0,
MR045_LC,F006_C05,Long_Context,LIVE_CALL_COMPLETED,9.508440017700195,178865,394,0.906145,0,
MR045_RAG,F006_C05,RAG,LIVE_CALL_COMPLETED,4.577294826507568,9752,368,0.059800,0,
MR046_LC,F006_C06,Long_Context,LIVE_CALL_COMPLETED,7.157736539840698,178862,302,0.903370,0,
MR046_RAG,F006_C06,RAG,LIVE_CALL_COMPLETED,8.911701440811157,9059,646,0.064675,0,
MR047_LC,F006_C07,Long_Context,LIVE_CALL_COMPLETED,17.384055852890015,178874,726,0.916150,0,
MR047_RAG,F006_C07,RAG,LIVE_CALL_COMPLETED,6.998293399810791,9266,528,0.062170,0,
MR048_LC,F006_C08,Long_Context,LIVE_CALL_COMPLETED,7.426751375198364,178863,365,0.905265,0,
MR048_RAG,F006_C08,RAG,LIVE_CALL_COMPLETED,4.742230653762817,9161,350,0.056305,0,
