run_id,case_id,condition,payload_characters,user_prompt_characters,approximate_user_prompt_words
MR001_LC,F001_C01,Long_Context,226706,221612,32294
MR001_RAG,F001_C01,RAG,39800,39389,6122
MR002_LC,F001_C02,Long_Context,226696,221602,32294
MR002_RAG,F001_C02,RAG,39037,38626,6122
MR003_LC,F001_C03,Long_Context,226793,221699,32305
MR003_RAG,F001_C03,RAG,43027,42616,6133
MR004_LC,F001_C04,Long_Context,226674,221580,32286
MR004_RAG,F001_C04,RAG,40088,39677,6114
MR005_LC,F001_C05,Long_Context,226655,221561,32287
MR005_RAG,F001_C05,RAG,39373,38962,6115
MR006_LC,F001_C06,Long_Context,226653,221559,32287
MR006_RAG,F001_C06,RAG,38993,38582,6115
MR007_LC,F001_C07,Long_Context,226637,221543,32283
MR007_RAG,F001_C07,RAG,39237,38826,6111
MR008_LC,F001_C08,Long_Context,226627,221533,32283
MR008_RAG,F001_C08,RAG,38992,38581,6111
MR009_LC,F002_C01,Long_Context,320826,313809,44596
MR009_RAG,F002_C01,RAG,50378,49967,6120
MR010_LC,F002_C02,Long_Context,320775,313758,44589
MR010_RAG,F002_C02,RAG,40769,40358,6113
MR011_LC,F002_C03,Long_Context,320996,313979,44619
MR011_RAG,F002_C03,RAG,43189,42778,6143
MR012_LC,F002_C04,Long_Context,320756,313739,44587
MR012_RAG,F002_C04,RAG,41518,41107,6111
MR013_LC,F002_C05,Long_Context,320737,313720,44584
MR013_RAG,F002_C05,RAG,40992,40581,6108
MR014_LC,F002_C06,Long_Context,320788,313771,44590
MR014_RAG,F002_C06,RAG,40731,40320,6114
MR015_LC,F002_C07,Long_Context,320763,313746,44588
MR015_RAG,F002_C07,RAG,40515,40104,6112
MR016_LC,F002_C08,Long_Context,320815,313798,44594
MR016_RAG,F002_C08,RAG,41768,41357,6118
MR017_LC,F003_C01,Long_Context,1459470,1416149,190661
MR017_RAG,F003_C01,RAG,41423,41012,6126
MR018_LC,F003_C02,Long_Context,1459442,1416121,190655
MR018_RAG,F003_C02,RAG,40194,39783,6120
MR019_LC,F003_C03,Long_Context,1459442,1416121,190655
MR019_RAG,F003_C03,RAG,41394,40983,6120
MR020_LC,F003_C04,Long_Context,1459416,1416095,190653
MR020_RAG,F003_C04,RAG,39702,39291,6118
MR021_LC,F003_C05,Long_Context,1459411,1416090,190650
MR021_RAG,F003_C05,RAG,41723,41312,6115
MR022_LC,F003_C06,Long_Context,1459447,1416126,190652
MR022_RAG,F003_C06,RAG,40123,39712,6117
MR023_LC,F003_C07,Long_Context,1459436,1416115,190652
MR023_RAG,F003_C07,RAG,40356,39945,6117
MR024_LC,F003_C08,Long_Context,1459414,1416093,190650
MR024_RAG,F003_C08,RAG,42619,42206,6115
MR025_LC,F004_C01,Long_Context,1214779,1176078,147449
MR025_RAG,F004_C01,RAG,42502,42091,6128
MR026_LC,F004_C02,Long_Context,1214741,1176040,147445
MR026_RAG,F004_C02,RAG,41831,41420,6124
MR027_LC,F004_C03,Long_Context,1214684,1175983,147438
MR027_RAG,F004_C03,RAG,41827,41416,6117
MR028_LC,F004_C04,Long_Context,1214665,1175964,147434
MR028_RAG,F004_C04,RAG,41421,41010,6113
MR029_LC,F004_C05,Long_Context,1214737,1176036,147448
MR029_RAG,F004_C05,RAG,42096,41685,6127
MR030_LC,F004_C06,Long_Context,1214714,1176013,147440
MR030_RAG,F004_C06,RAG,42082,41671,6119
MR031_LC,F004_C07,Long_Context,1214698,1175997,147440
MR031_RAG,F004_C07,RAG,43912,43501,6119
MR032_LC,F004_C08,Long_Context,1214674,1175973,147437
MR032_RAG,F004_C08,RAG,40703,40292,6116
MR033_LC,F005_C01,Long_Context,550871,537580,72968
MR033_RAG,F005_C01,RAG,41992,41563,6124
MR034_LC,F005_C02,Long_Context,550811,537520,72960
MR034_RAG,F005_C02,RAG,40615,40190,6116
MR035_LC,F005_C03,Long_Context,550876,537585,72965
MR035_RAG,F005_C03,RAG,41686,41247,6121
MR036_LC,F005_C04,Long_Context,550771,537480,72953
MR036_RAG,F005_C04,RAG,41984,41547,6109
MR037_LC,F005_C05,Long_Context,550790,537499,72957
MR037_RAG,F005_C05,RAG,41082,40643,6113
MR038_LC,F005_C06,Long_Context,550826,537535,72960
MR038_RAG,F005_C06,RAG,41588,41149,6116
MR039_LC,F005_C07,Long_Context,550788,537497,72959
MR039_RAG,F005_C07,RAG,51074,50641,6115
MR040_LC,F005_C08,Long_Context,550803,537512,72957
MR040_RAG,F005_C08,RAG,41509,41072,6113
MR041_LC,F006_C01,Long_Context,772297,754142,104266
MR041_RAG,F006_C01,RAG,40475,40064,6122
MR042_LC,F006_C02,Long_Context,772258,754103,104263
MR042_RAG,F006_C02,RAG,40962,40551,6119
MR043_LC,F006_C03,Long_Context,772331,754176,104270
MR043_RAG,F006_C03,RAG,40977,40566,6126
MR044_LC,F006_C04,Long_Context,772222,754067,104257
MR044_RAG,F006_C04,RAG,39947,39536,6113
MR045_LC,F006_C05,Long_Context,772217,754062,104254
MR045_RAG,F006_C05,RAG,39297,38886,6110
MR046_LC,F006_C06,Long_Context,772188,754033,104251
MR046_RAG,F006_C06,RAG,40539,40128,6107
MR047_LC,F006_C07,Long_Context,772281,754126,104266
MR047_RAG,F006_C07,RAG,39653,39242,6122
MR048_LC,F006_C08,Long_Context,772207,754052,104255
MR048_RAG,F006_C08,RAG,39763,39352,6111
