run_id,case_id,condition,payload_sha256,user_prompt_sha256
MR001_LC,F001_C01,Long_Context,1accbfe2ee83bfa9ba318a408bfd11cbd9e940f148d02d3adfeced96a574fab0,4b2e49efc64aaf4b770ce09e7e481ec33bfc3e69d55a81a274108b9dc478518a
MR001_RAG,F001_C01,RAG,9c6bff0158107ee9266176da2ad1a09ca4512b001ec6d6d7cf4eaedec35b47ab,5e70287588d462666cecff09f54c99ec61b0ccecb68fb407ba39f921ae5c0676
MR002_LC,F001_C02,Long_Context,01dbb364db50b2965bd40d8ee5a850eb1e4e266423ef157d81b3e5221825e45f,12f5faceaf3c75c8f7732175466592a0e8d7da81d9c63d089c96b091fb7dd300
MR002_RAG,F001_C02,RAG,63e33901671496de102c795c5ffe617e5faa2de81ff09c56f80423eebcc93098,fb9012e873e8c919f04378ec37935719bbd4464d30c5242d49535cd4dc387152
MR003_LC,F001_C03,Long_Context,0428989d0e9d05199d0137ddb7d1e38f2b6b9d9cc0a7b4b5de9367821b416f10,89c2eac2d7ca32c93e8e23f7b0417edc52e19161dfe0f3128c36e67dc0302abc
MR003_RAG,F001_C03,RAG,cdfc61ae935405dd29674973293f222cb0c9d3db7e7aef61256728fc32e46a69,2c384b3e56041c7a5f4549c5137c91a282546837f1c14028a27f5713748c3233
MR004_LC,F001_C04,Long_Context,aa42ac45c3da7673d88f509cfaf7826ca901ba62f8a1974c9a6b732943f518c7,5f664098e385e175ca7fac79dcb2bfbbecdfb86bc55811c6720a57ef87d3562d
MR004_RAG,F001_C04,RAG,34d964cc66f7de2f68c55f5f91b438df21cc195d648731ff8b62c41093b8f962,eecfc1e9a0154fda0c0534ebff46e02e5896efad7cad9e4f968451689af93aef
MR005_LC,F001_C05,Long_Context,ce164b9d7bba54bd6059c344d546ff6d415ad50b6e4d881f5d55c2ec97187c26,ce19609b323393c1fc8ce2f0691e90c59f347976d7d52d7de6ff30681f261b37
MR005_RAG,F001_C05,RAG,c2f1f035d22c162f5ce41ab442e0cda1c8861279f60cac197c8b6dde39c1dc98,913840fc40da711abfc0cd31f396e803388afb16f8d0a74fbadf84c2b496f9f3
MR006_LC,F001_C06,Long_Context,a30f45810c3380f00d80f169831cb0b80adf0abd28c327d4aa866bc453dec82e,397074b6168437049a9fd3d4f0d7d6bd4e953528a723099e7b2c199cd08006f1
MR006_RAG,F001_C06,RAG,ac89b2961e92134501f74b0a2de300efe54a0f200f70d66eb0b0e813db9cff12,fa131c014b1493dd3259003cf538126d805b8734086f0c3b434256097c80eda2
MR007_LC,F001_C07,Long_Context,4b956252db4a9e85366be266b6dd8a854747f8176711d7d475397a743c7f7943,d3ed7da6a7f86449be5174f154b753dced693827b2bc9c5f5386292c1affb5dc
MR007_RAG,F001_C07,RAG,6692a597b11ac5e869aae25ba5ca2db7bdfcdf85a936695d41838b85ef928ea6,542b584bb6ca7167c7ac6d711ced4b6ad48ab5c7c16928b3b0b990f47597e8c0
MR008_LC,F001_C08,Long_Context,1464d90df182a7de636d128bd99ad392351a063510b6071c18b5c3b91e84b698,8992d7dcf3855b943a0ece50d0f28992d359f326eebe3c1277b73e3ebb66544e
MR008_RAG,F001_C08,RAG,58025a548a651e432b9b747011e86cc265170bd58146e8519abe43aaf5c18f6b,6609cb7bc15af5e088bea05ee0077dc4d229af1374cbe7a196fd3573a458a300
MR009_LC,F002_C01,Long_Context,a06dd72dc8f2e8610be5cdd1da532d3068aae3cb19f3109e4c9af761e1c73e27,56e5de2c14649e7eb70c29417e946cfd0fcbfe4994eca83a0a7a09dee4609463
MR009_RAG,F002_C01,RAG,1b17bca77bbce66d58780769ebf2bdffb9a2e28800ab4110089b60be5e9a79ef,46bcbbc6dcd0bf568cf2f8272f61b9529e5aa0053d8e875bc1a72f91b947fbc5
MR010_LC,F002_C02,Long_Context,8768a4753cac0767de37486af854243d69d5da3d0dcf56eb1201169b2615905d,5f3c437eeaddc3082b3c76854af593d90ffe6afbbde3fb3b8449d0b2f439f715
MR010_RAG,F002_C02,RAG,b3406ec903e098b97fe8b43560e81c36058f6b5b1a7e615c97577a8c119fec43,2a36e20f706a90af7371d66c2ea830bb70b38d5fb2bf36a5a77c96e4cb3df36c
MR011_LC,F002_C03,Long_Context,093bb44c4a425ce1f313e7dbecd7f86f606db881443f130e287857b0bfa890ad,0f47c617c7061f8c5a8c5089a5923394819e2a65e704df14c794d7cc05bbb849
MR011_RAG,F002_C03,RAG,f8588882310d3dabae65c260b60de83677afe23afa56e0e758746e1ce17a9718,64fa608a415b6bde3073eb30f7e562cf402948e2ccd16784bd1f99403e33b559
MR012_LC,F002_C04,Long_Context,69b749b85bd2549510b3a6c71d9fae15c55c11209bdf1699ae88f59c481dac46,a44701beb152616231fc1f7c10266a50e20a1afb8db08d77bc71483cc08b669c
MR012_RAG,F002_C04,RAG,b08e1c4a1a7c7b1e940ffd279be1e8987ce1790d237601e1a852b5930f0e074a,f033d8e43311464eb692e126321a6d4131c6f0b92497585e580a42759c171db5
MR013_LC,F002_C05,Long_Context,8f127e86e6cf4ae76fcf0cfe7d11d44cf3d1581fdb126f9693ff8c71b1c0588e,ccf1c1199be5ea0cb3be001b8a80298ed6ac3c56f50ce5aec5b9e38b8ce967e6
MR013_RAG,F002_C05,RAG,dbd8b49e0441058b871b6d6e941971e64690eaf32fe123f75a9cd5166597df9b,a5df1aa7c895c9844437a8d5986f6a92d6fa766ca1c99a3df8aa41debab35089
MR014_LC,F002_C06,Long_Context,31dda38c3f28c5f88d6e86b79546ef291ec4c49cc98f9d5799e41e56dfa414f9,ad8b2fc81181d55d46009fb6110943d12862e9d325f745abc21be9b1ded778f1
MR014_RAG,F002_C06,RAG,8b2c074f97df2642b116a27762c2085a61999a689d8107175b507240f4b1e2f1,470bf44b832fe0ee020f039c1e5939e9fcdba522dd3bf9520167fd539d753284
MR015_LC,F002_C07,Long_Context,7641c2fd3a3982bfb2dd423e27d6f4ca2205c1839d6de8eaa83cbf12c95b145f,27c9dbe8965d66109189f8191a9debd4de94ef9f684e6469cc4071d870e166bc
MR015_RAG,F002_C07,RAG,c6ff5b1c5ede1ffe71debc21d55b937c7c801552e5c802225727405b869bb198,367b436adffea7e2d59498f5959bf79f85b61c8dc0de9c60893efb6cbc43dfb7
MR016_LC,F002_C08,Long_Context,3ff52f984512cf7b7c737e001c7a4606079c6fa716b89684d2aeb543fdb1d384,ba58052c3b88070e8a6584a8a2dfff1b8e38a2ecc2c4f56520705f92af387700
MR016_RAG,F002_C08,RAG,82caf6516ece6e54e2f12540bc586940ff6f1ba5bb0988bd9bc5be58d8d9b28d,672c061cdc6d9b2c90c356b852faf8f41c383196b9ddc3cd89a6785470ad5d41
MR017_LC,F003_C01,Long_Context,8ca15c6288a0da2e532332b627559c5268c31bfdb0a5ea79e580bd87953180e2,b4154ae709628e841433dd845f6f998f6f77641021f04de91cefffe7317e0801
MR017_RAG,F003_C01,RAG,6799daa3d12f82a2d1c0fd03e20f34521d5783ca834fda115f8ec47293288570,f71bebd19abfb470b1aaf6b19933b6f101f1943d434c5c6ed48f3c10c9299a69
MR018_LC,F003_C02,Long_Context,626d66ffcf852dce5fce88a236f83e2806fec0d802d7839f574d2ed25e41b0ed,3f05870a1140cdce7141847920db75dd82eaffc45c22c886e098e40048924c44
MR018_RAG,F003_C02,RAG,2e022c2cb9a4f33abe5bd4b0ee9a56dd68bd38e098410107d9c468b9dc4d8f77,9ddc7c6e35db7b06ce0554aa4821f9f2766082753f24ca5d1308a9600dcde8fc
MR019_LC,F003_C03,Long_Context,efb7a83f2bdd8af4d7edeae99f7db57058ef23639d37bcf78f44bef8ca78eec9,7916c0085b7a18a78819f7a793e14c15eb43e8c6ae321d447c91f02770af26c0
MR019_RAG,F003_C03,RAG,9b1befa09cebd3289886b5a00b0adb5f18ec6d32b60cdd7c6ac8cc80b8132809,e30334b9f7ffff849456e041e42cab05634c6f1a42e5a995e63647c058eff066
MR020_LC,F003_C04,Long_Context,24936d9a6510c2e068136301de478a22ce561225003bde53d0d767b5231f7b89,de55c4c0402d01d9febe2e6321f4809b6db4139b0db6e1046177dd52b348529b
MR020_RAG,F003_C04,RAG,86c90f116a0ab4125f4548730768a8dbb7fd67bcacefe91d4c6e1ba43c5b20a5,0e8fd15e7504d6a175a4b170081b28f43cc285ba1114d2f1c7115cb1e0e4b7fb
MR021_LC,F003_C05,Long_Context,7bdfc17814591ec980ce7c1bf80a2ea53dcd3b847da640fc8a07d800c3e6326c,62ca7d5f18a8e1eb6b8bdddaf60d93d377600b007414ca4762137e6711d0a18e
MR021_RAG,F003_C05,RAG,f82a5250cb4dd46376c471f70515020f6314bc58e64090454aa067f8e62a8df2,5e9e2d815f44eb433925e2cb62ac491b95636cc234b1f06df9d7fa6e33ede622
MR022_LC,F003_C06,Long_Context,7ad49ab53e0c71456115f6c01e34444b48bcbe8f7c301bba6e670f21880fdfa7,6c2f402cc3ce30a8a94a1edd28260223b808919538ff3940cd386c51a84f5f69
MR022_RAG,F003_C06,RAG,5269d943cdbf4406f03b4c2589a361c3a2007867f0f58453e6c662bff35a74e7,04c101aa8af9f351bf2d027a1031fdfd220847a52fb44c6c20b4b09badf82352
MR023_LC,F003_C07,Long_Context,819ed078386486f4ea4138c95c21b2c53b18bda0d5cc6c7fd7314da07ea92dcb,ff04cef24373a256355df83ee8616258846f5606a4c1f1cb171626bd1558ae64
MR023_RAG,F003_C07,RAG,57c0d695a07d734c0aa6cbeffa2d779993ee097fd801593127a08207cdfad6bc,8c49b96f72e7ccaff1ca62c8adeedfcf3a8ccc548412ca2c61fdec0b96c1642a
MR024_LC,F003_C08,Long_Context,bcf4d5856eecf6aa200b65017e8366d8b31d0b0583d19c947d392c6c1dad640f,12d0c8b2f025bc854fefa17ed65dcc0f7cfd68e3bbbb823c763c86a514ce18e5
MR024_RAG,F003_C08,RAG,af140c62d7ee8f142488464847ff82995eaec14e54964268302a32de52144289,6acd51379b985589d6269f8f43916b3a37d4d040e0861ec3e998d68399bc5ea8
MR025_LC,F004_C01,Long_Context,b85eea4e94396c2d7146950295c950a7c6dfc80afee74694ca2e63365ed0a945,912efb4b74eabefd81f1e1e79e85ea39643c2c85b3d140e1c737b09d1fdece04
MR025_RAG,F004_C01,RAG,5d74261111c9d1b81916ccb478f178b729964dd91b917f8571c06cc1d48c65a4,be850290deda61171da108ccb6d852afef25f39604bfc8487185d776e53ed642
MR026_LC,F004_C02,Long_Context,4165b9fe4861ae4eb94ef6c6e039b39f9ce2a32ffb8b4bc535073597bf2f5343,72f6044b0876ab3da95b221f51da8b9ab2adfd9bbd55895676df6600217dd9a5
MR026_RAG,F004_C02,RAG,f6091e305fd8c8a0cb1ea16c436f0cd1c09eaf5577b17d678b7fdae63e436809,4710cddadf37104fcc8cce361b4d5fd834a53ee355a9a076e137a7f2f7b6ef9c
MR027_LC,F004_C03,Long_Context,b69a5aaec79c66a356f72c3e9ec80d552a3a7f4069dc4761bd10cc525d19ace0,0d2152cafb4cfa562d3c5b930bc7cb5bf46d3caab4beff1619beea751ce48cbe
MR027_RAG,F004_C03,RAG,b0c2f59cc3236b8c1f8b9ed852ab73931ed189bed23c76e3e4c00505193f774e,449c3edf8775f7eb4b83127bc679e1faf8762ad7e1e88c2bb38dd8c3864ffe7e
MR028_LC,F004_C04,Long_Context,a6e8d89e338a8428ad4701a24afd3ea820baaa92f57123bcdcc85e2a2f1e567f,5603ada6abb653b628190d960a69189e02516baddc3e5079e8f212aa65798aad
MR028_RAG,F004_C04,RAG,a682b575f16f8b4a695736671e2122700c46835b7912f991b346b411fa709baf,dda587719085530176b9a47c36abdc69ef86245a34e1ad08293e126413528359
MR029_LC,F004_C05,Long_Context,eb5e616c2cf28bd3c0962e038e8c2de132ae5c8fca2a7826336c4479aa438789,f062a15a2c92b07b4381e063035eeefaab8f4c231bd39a397dc543455d6b53bd
MR029_RAG,F004_C05,RAG,4da8d096709693fa9cc5bb99e7bb50cbfc3fd0e8f9958f1ee7e450dd04779302,25b790c2a78bde8b3eda16bd66db90c81b0ed64e7f6c55b1954ef020fe141b6f
MR030_LC,F004_C06,Long_Context,edbed6e8cb4fd0e7a314bb90f5f6c087ce69cf52844c91e9174d8057f8cb92c6,fdccc144d52b0c59f9a075c77b51563f6051ae0e667ac63e5cee0b843391cc2d
MR030_RAG,F004_C06,RAG,270f8fd352b31fd80dc47ac75f9930f605501257c2089ff919976ec4edabe853,eb7758d0ce716457816887a97091dbd92ded15e7e55bd3c9ef35a5b4ea2f9fd3
MR031_LC,F004_C07,Long_Context,1e3212e6b1765a101b388c7df7f182b0a0479ea8e9fc46fb52e2c6a5c6354397,67ee43bf837cbef965e5522dba4d40e5d4b2ec561886311d63dae8740f868f44
MR031_RAG,F004_C07,RAG,ed347b8b20df8921474d41136a99e8f20779b7815cd67e6d45e4e5fbd528314e,a05738e38aa2e218bb16f5774044d50dd04b15842cf66d260c9ac3d88ca3453f
MR032_LC,F004_C08,Long_Context,0367e3c00bac59d744ed8748fb585283960fad7345a35db8a9eb0c0a75bec0bb,14388183582b9d2820bc5759f23ab71abe23d9e6058b91c15d5eff5b65c4b231
MR032_RAG,F004_C08,RAG,445bc90ef83917b60faac08cecbcd744dd1e6b3d849e560eb7b61cc8fd8d8a8f,cb66df17b0baebf2eea603bbec768acd2ec0e4f077c07dca033f4f068f2066a7
MR033_LC,F005_C01,Long_Context,89cde769ab641019148b759196b084dd3b80caa8d841cb00cb7646cf3d33cac5,c61522e7d6e7c2a04eadfcb27bbe8570f19355f0c79733b02bdee7053be154e5
MR033_RAG,F005_C01,RAG,6280016c11a0e7bc149a00d1df1e0f2623461018b3c76e5ed10d9a3c4d8bdd6d,f7abe504599726abf0ac486ccc924383e415cb9a2347e6c22ee82de3482f76fe
MR034_LC,F005_C02,Long_Context,b0e022ae774c4fa7fa33d5b2fba1fa06c4a2057ee801d51fb2dffbe2a1a9fe05,168152c7a05d94b4786121fd3f0a1d8ddbbc0208462b3bde048b13121f22183f
MR034_RAG,F005_C02,RAG,c2a4eb0d9f2603433d9b6c7edbaa0be296fc5b73522f45a1e10f2221077ccd01,c462f938c7e5aac5edba248956f68bb021124ad2236bc479747e765764ffb257
MR035_LC,F005_C03,Long_Context,08dafadc041468f3335d222bd27a75078e8b3d82c736a228f5cf04dabfc68901,4815f6ed6afbc03bee7b52e41a10a7129c06b32771a4e74bc39cf0214c13a408
MR035_RAG,F005_C03,RAG,af5c6ab6d7a3933619d98665814244223f9f3b63a8dd752b35f8e6e157cf366a,252d76121961647cd62e0920521fe17b1887956e77ffd94c978228553df3becc
MR036_LC,F005_C04,Long_Context,1cca532a509635ebd174979bee1cea165e6042e9d2edab64e99f80a8e05274af,6e05116dff4dc4e6826be2a1817146f4766e88a1e512c483044f016bc5ca7408
MR036_RAG,F005_C04,RAG,c84fd24a5d259a692a30f43a9b67eb259aaed7b938cca92d28e6b1b843160c7f,9f3a09040ee417308182bbef2a6d1e0790d261a8cc9a3b9bb3b8000405a8eccf
MR037_LC,F005_C05,Long_Context,435ea066598debeadf0de02bedf74c1bc9a8597aa515f4084a36870d553ff405,d0e92a6f8c681f85f3db099389d17d36e810d8e412117591f53cf07936917e80
MR037_RAG,F005_C05,RAG,4b71199bcadf2aa8258cf4051b2e5e703d5b212919f7b42591b6ce0c4d1d9458,51f65145bfbb9a57b728196913cc1d9b1191a833a7efbc0fabdae4847559c6ad
MR038_LC,F005_C06,Long_Context,5706ed92681438723bec4bf5029e2bdfc20728b78f3887f8625281c3ea620480,c0f4ceaf9c0d837154ed4a9e7f9f9625adb13845bd30010710cd741279dd63da
MR038_RAG,F005_C06,RAG,56ad1f02ec37f0a634f203ce3c97f5104fe247da6e37b84b7ec0fb28a1a25b3f,644e6faa8f4fee0f6a80710008d36991a666f7b4a5795c476f407a1e5071a0bf
MR039_LC,F005_C07,Long_Context,5c82fd0881baa685561dc69c455097cc869fb1bca2c1a933acfc590d1718f9e7,e1928a01ec6668dd09c3b1dc48c08165677997e89a39f7db59b6b5ea8a8903b2
MR039_RAG,F005_C07,RAG,538a37e24f2ee1b2373c0a3b7391794d995a7d63cd59c7f19430c679fe6df053,97c64ec4cc86087ca1d0feb32ce84518d20e7e0af3ce8619325a89f2207589c1
MR040_LC,F005_C08,Long_Context,1e0bafa3a2b1226610fc771a820904ca62d8f258772dd63a4b1491e06760040c,fd4a76b359aa33efc042e13da243909a933d8bfc82ab29cc7c7e436dbf3bcac5
MR040_RAG,F005_C08,RAG,ed07bc7eb16ca3c53bff4f4912d6cd4cb3a8b125c617c8065e1386e6a488c790,d6d9f6065fd926b137e27849f2a38900988bdedd01d84b63a6153da37b087cde
MR041_LC,F006_C01,Long_Context,780870aac05bb75ba9ac51f32aa9333dcf1fcab98f2439727af0109cc7559d8a,2234c346eb97789b49c2029813d2ae164d82c7104eb7ceaef78d019da38b23a4
MR041_RAG,F006_C01,RAG,5909f601edf115f3efba4249cc3f731aa56e4831e07301cc86c46cede8409f8e,8ecd9c80586dd993becb8f7396e08a62040a4adaaff9dd9ba2ff7ceed996d0a8
MR042_LC,F006_C02,Long_Context,35adf310f79f6337405383e063582385e07bf53d5985c6c34bef041766653d70,70608ccdd8ed333f4dd590ba31129e4273ea8f8888524ff21d1a1c45f4e203e5
MR042_RAG,F006_C02,RAG,a77382777c0fca744e0682dcec2c1461bfe092c9b142dcbb991aaa0855a93719,8656a2e5f10c766cd116d16621c260dea2f52b9cd30e0221bff0f67b5ce3c522
MR043_LC,F006_C03,Long_Context,efda5c0a353a8ce8c5646aa06b5047ab2583771687ba7b75adbdc786b0848ed8,5eb8f9d499afb6600204c929379a8ecfb01c8b42896029fad28bd665b4e84ee0
MR043_RAG,F006_C03,RAG,597cd36dd0f016f65ccc6473b1f60af7e5c53842e04dd23b0af2c9af52026cf1,30ca0d582b7024232547943ab7b568c824c81b7cb8f0e90482c4340ef6248a31
MR044_LC,F006_C04,Long_Context,8b95563625c8afd7c0ec0f86bcb3ab1f3ab546f4e440f773b6b392004cd297ad,d6b11f22c3b49dc383b723e056d1db295311c85667fb5e6be1f87291b0de14ab
MR044_RAG,F006_C04,RAG,94aea9a17b687cb4ebf7e789773b5360672172d6be81005330cc28b2f436de27,779a940a5315e151035201c6f73ae14d7fdc3e95f0a879375dba21c14cc7ab9d
MR045_LC,F006_C05,Long_Context,1d15794f764f5aa720c15b1206ca9e8e217c11f62d9a6f7228469ea56e6ced1f,0b8ad09c7d87d0618812029620950f356f3c4d51be159bf3b749a64ffdf9f8dd
MR045_RAG,F006_C05,RAG,bc8eaefd0bc620085433211844517baa3911eadd97039417efc994535d1c227f,c73ab547400c0d76737b0e411bcb829aaca81a56af747c392d4c65f1c6a6ca1b
MR046_LC,F006_C06,Long_Context,3e67257ac28f6e79fb2b79634db46c41fd264b2393dcb6a594c59b6cd5e27624,e5d08c6c58d74af9ad559a22cb70b6573808ad9217aa125ab9dd062f66228fa8
MR046_RAG,F006_C06,RAG,c3a50c3c5330bd6ebeea474235fa6b21cf898e5e1f0f635bae7369d5cceb212a,a0e71bb039a3450aa8466a4114d42705fc8a9072a76ff56bfb9ee865c82a5ef3
MR047_LC,F006_C07,Long_Context,1dee08da5347704ff0631267b45b16f0405f0029cf58a7bf60dbc1448e108023,f7b0c7410e7cfe0e31d2454aa7b4f0d0f3ee60e8939c6e0786c4aba7472847e7
MR047_RAG,F006_C07,RAG,40ce17f44dba5848cdef018c92d2269389da3390967ca8f31aa17e8baafc615c,797822b2d504391dbd307a1377ecb2637463ef9fd1c3e450265b1436f671b7ce
MR048_LC,F006_C08,Long_Context,dc33dbc886fef3a3003b09b99b3ea012afe46d51bca6c4c6c5f86ea4a3cd1cfb,2e3d878847a80a4af02bd69cc6bf88897b6ddcfa3f85fae238b8ca0b7e276de9
MR048_RAG,F006_C08,RAG,011808c000ac9ae403851921681a494c71fccb08e31fb545c9d23160f0fc00f4,cd3f01d9da6ea768c8f99b5b73932ccdda3ff8aabcb13b901df606be10585865
