run_id,case_id,condition,predicted_label,expected_label,is_correct,confidence,case_type,reasoning_summary
MR001_LC,F001_C01,Long_Context,Supported,Supported,YES,High,cross_section_synthesis,"The filing explicitly states that Apple manages its business primarily on a geographic basis and lists the reportable segments as Americas, Europe, Greater China, Japan, and Rest of Asia Pacific. The MD&A Segment Operating Performance table then reports 2025 net sales for those same five reportable segments. Therefore, the claim is supported."
MR001_RAG,F001_C01,RAG,Supported,Supported,YES,High,cross_section_synthesis,"The retrieved filing evidence states that Apple manages its business primarily on a geographic basis and lists its reportable segments as the Americas, Europe, Greater China, Japan, and Rest of Asia Pacific. The MD&A Segment Operating Performance table reports 2025 net sales for those same geographic reportable segments, including Americas $178,353 million, Europe $111,032 million, Greater China $64,377 million, Japan $28,703 million, and Rest of Asia Pacific $33,696 million. Therefore, the claim is supported."
MR002_LC,F001_C02,Long_Context,Supported,Supported,YES,High,numeric_consistency,"The filing reports 2025 total net sales of $416,161 million, iPhone net sales of $209,586 million, and Services net sales of $109,158 million. These amounts equal $416.161 billion, $209.586 billion, and $109.158 billion, respectively, matching the claim."
MR002_RAG,F001_C02,RAG,Supported,Supported,YES,High,numeric_consistency,"The retrieved filing evidence reports 2025 total net sales of $416,161 million, iPhone net sales of $209,586 million, and Services net sales of $109,158 million. These amounts match the claim's $416.161 billion, $209.586 billion, and $109.158 billion figures."
MR003_LC,F001_C03,Long_Context,Supported,Supported,YES,High,risk_to_mda_linkage,The filing explicitly states that sales outside the U.S. represent a majority of total net sales and separately discloses market risks from both interest rates and foreign exchange rates. This directly supports the claim that the filing links international business exposure with market-risk sensitivity through these disclosures.
MR003_RAG,F001_C03,RAG,Supported,Supported,YES,High,risk_to_mda_linkage,"The retrieved filing evidence establishes both parts of the claim: Apple reports that sales outside the U.S. are a majority of total net sales, and it separately discloses market risks from interest rates and foreign exchange rates. Therefore, the claim is supported by the filing evidence."
MR004_LC,F001_C04,Long_Context,Contradicted,Contradicted,YES,High,segment_consistency,"The filing explicitly states that Apple manages its business primarily on a geographic basis and that its reportable segments are Americas, Europe, Greater China, Japan and Rest of Asia Pacific. The product lines named in the claim appear as net sales categories, not reportable segments. Therefore, the claim conflicts with the filing evidence."
MR004_RAG,F001_C04,RAG,Contradicted,Contradicted,YES,High,segment_consistency,"The filing explicitly identifies Apple’s reportable segments as geographic regions. The product lines named in the claim are presented separately as product and services performance categories, not reportable segments. Therefore, the claim conflicts with the filing evidence."
MR005_LC,F001_C05,Long_Context,Contradicted,Contradicted,YES,High,causal_or_explanatory_claim,"The filing states Services net sales increased in 2025 and attributes the increase primarily to higher net sales from advertising, the App Store and cloud services. This conflicts with the claim that Services net sales decreased because App Store and cloud services declined."
MR005_RAG,F001_C05,RAG,Contradicted,Contradicted,YES,High,causal_or_explanatory_claim,"The filing evidence states that Services net sales increased in 2025 compared with 2024, and that the increase was primarily due to higher net sales from advertising, the App Store, and cloud services. This conflicts with the claim that Services net sales decreased because App Store and cloud services declined."
MR006_LC,F001_C06,Long_Context,Contradicted,Contradicted,YES,High,numeric_consistency,"The filing reports Apple's 2025 total net sales as $416.161 billion and 2025 Services net sales as $109.158 billion. The amounts in the claim, $391.035 billion total net sales and $96.169 billion Services net sales, are reported for 2024, not 2025."
MR006_RAG,F001_C06,RAG,Contradicted,Contradicted,YES,High,numeric_consistency,"The retrieved filing evidence directly conflicts with the claim. It reports Apple's 2025 total net sales as $416.161 billion and 2025 Services net sales as $109.158 billion. The claimed amounts, $391.035 billion total net sales and $96.169 billion Services net sales, correspond to 2024, not 2025."
MR007_LC,F001_C07,Long_Context,Insufficient Evidence,Insufficient Evidence,YES,High,unsupported_causal_claim,"The filing shows that Apple’s Services net sales increased in 2025 and attributes the increase primarily to advertising, the App Store and cloud services. The evidence does not state that Apple Intelligence directly caused the Services net sales increase, nor does it establish a causal connection between Apple Intelligence and the reported Services growth."
MR007_RAG,F001_C07,RAG,Insufficient Evidence,Insufficient Evidence,YES,High,unsupported_causal_claim,"The filing evidence confirms that Apple’s Services net sales increased in 2025, and it attributes the increase primarily to advertising, the App Store, and cloud services. The retrieved evidence does not mention Apple Intelligence or establish that it directly caused the Services net sales increase."
MR008_LC,F001_C08,Long_Context,Contradicted,Insufficient Evidence,NO,High,missing_cross_section_support,The filing provides iPhone revenue/net sales for fiscal 2025 but does not disclose an exact number of iPhone units sold. The claim that Apple discloses the exact unit count is therefore contradicted by the filing’s actual disclosures.
MR008_RAG,F001_C08,RAG,Insufficient Evidence,Insufficient Evidence,YES,High,missing_cross_section_support,"The retrieved filing evidence discloses iPhone revenue/net sales for fiscal 2025 and qualitative reasons for the increase, but it does not establish that Apple disclosed an exact number of iPhone units sold during fiscal 2025."
MR009_LC,F002_C01,Long_Context,Supported,Supported,YES,High,cross_section_synthesis,"The filing explicitly states in Business that Amazon organizes operations into three segments: North America, International, and AWS. The MD&A repeats the same segment structure and presents net sales and operating income by those three segments, supporting that MD&A uses the same segments to discuss results of operations."
MR009_RAG,F002_C01,RAG,Supported,Supported,YES,High,cross_section_synthesis,"The filing evidence directly states that Amazon has organized operations into three segments: North America, International, and AWS. The MD&A Results of Operations section also uses those same three segments to present net sales and operating income and discusses changes in each segment, supporting both parts of the claim."
MR010_LC,F002_C02,Long_Context,Supported,Supported,YES,High,numeric_consistency,"The filing reports 2025 consolidated net sales of $716,924 million, which equals $716.924 billion, and AWS net sales of $128,725 million, which equals $128.725 billion. These figures match the claim exactly."
MR010_RAG,F002_C02,RAG,Supported,Supported,YES,High,numeric_consistency,"The filing evidence reports 2025 consolidated net sales of $716,924 million and AWS net sales of $128,725 million. These amounts equal $716.924 billion and $128.725 billion, respectively, matching the claim."
MR011_LC,F002_C03,Long_Context,Supported,Supported,YES,High,risk_to_mda_linkage,"The filing directly states that AWS offers artificial intelligence and machine learning among its technology services. The MD&A also explicitly says the development and adoption of technologies and services, including artificial intelligence, can have direct and indirect impacts on results of operations that are difficult to predict, isolate, and quantify, including effects on customer demand, expenses, and benefits from new technologies. These statements support both parts of the claim."
MR011_RAG,F002_C03,RAG,Insufficient Evidence,Supported,NO,High,risk_to_mda_linkage,"The retrieved evidence supports that AWS offers artificial intelligence and machine-learning services. However, the retrieved MD&A excerpts do not establish the more specific claim that technology adoption including AI can affect demand, expenses, and benefits in ways that are difficult to predict, isolate, and quantify. Because a material part of the claim is not supported by the provided evidence, the claim is not fully established."
MR012_LC,F002_C04,Long_Context,Contradicted,Contradicted,YES,High,segment_consistency,"The filing repeatedly states that Amazon is organized into three segments: North America, International, and AWS. It does not say Amazon has only two operating segments named Retail and AWS, so the claim is contradicted by the provided evidence."
MR012_RAG,F002_C04,RAG,Contradicted,Contradicted,YES,High,segment_consistency,"The retrieved filing evidence repeatedly states that Amazon has organized its operations into three segments: North America, International, and AWS. This conflicts with the claim that the filing says Amazon has only two operating segments: Retail and AWS."
MR013_LC,F002_C05,Long_Context,Contradicted,Contradicted,YES,High,numeric_consistency,"The filing reports AWS net sales of $128.725 billion for 2025. The $107.556 billion figure corresponds to 2024, not 2025. Therefore, the claim conflicts with the provided filing evidence."
MR013_RAG,F002_C05,RAG,Contradicted,Contradicted,YES,High,numeric_consistency,"The claim states that AWS net sales were $107.556 billion in 2025. The filing evidence reports $107.556 billion as AWS net sales for 2024, while 2025 AWS net sales were $128.725 billion. Therefore, the claim conflicts with the filing evidence."
MR014_LC,F002_C06,Long_Context,Contradicted,Insufficient Evidence,NO,High,unsupported_causal_claim,"The filing supports that Amazon's net sales rose 12% in 2025, but it attributes sales growth primarily to increased unit sales, third-party seller sales, advertising sales, subscription services, price/selection/convenience, fast shipping, and increased AWS customer usage. The filing also states that AI-related impacts are difficult to predict, isolate, and quantify. Therefore, the evidence conflicts with the claim that the 12% net sales increase was caused primarily by artificial intelligence initiatives."
MR014_RAG,F002_C06,RAG,Contradicted,Insufficient Evidence,NO,High,unsupported_causal_claim,"The filing confirms Amazon's 2025 net sales increased 12%, but it identifies the primary sales growth drivers as unit sales, advertising, subscriptions, customer usage in AWS, and customer-focused factors such as price, selection, convenience, and shipping. The filing also says AI-related impacts are difficult to isolate and quantify, and references AI mainly in connection with investments and infrastructure spending. This conflicts with the claim that the 12% net sales increase was caused primarily by AI initiatives."
MR015_LC,F002_C07,Long_Context,Insufficient Evidence,Insufficient Evidence,YES,High,missing_cross_section_support,"The provided 10-K evidence mentions Amazon Prime and discloses subscription-services revenue, but it does not state an exact number of global Prime members at December 31, 2025. Therefore, the evidence does not establish the claim."
MR015_RAG,F002_C07,RAG,Insufficient Evidence,Insufficient Evidence,YES,High,missing_cross_section_support,"The retrieved filing evidence references Amazon Prime membership fees and Prime Video, but none of the provided chunks disclose an exact number of global Prime members at December 31, 2025. The evidence therefore does not establish the claim."
MR016_LC,F002_C08,Long_Context,Insufficient Evidence,Insufficient Evidence,YES,High,unsupported_forward_looking_or_external_claim,"The filing describes AWS services and reports AWS 2025 sales and operating income, and it generally discusses competition in cloud-based infrastructure. However, it does not state AWS's cloud-infrastructure market share, name Microsoft Azure or Google Cloud in this context, or compare AWS's share to their combined share. The provided evidence therefore does not establish the claim."
MR016_RAG,F002_C08,RAG,Insufficient Evidence,Insufficient Evidence,YES,High,unsupported_forward_looking_or_external_claim,"The retrieved filing evidence establishes AWS sales and describes AWS as a segment, and it generally discusses competition in cloud-based infrastructure. However, it does not state AWS's 2025 cloud-infrastructure market share, nor does it compare AWS's share to Microsoft Azure and Google Cloud combined. Therefore, the claim is not established by the provided evidence."
MR017_LC,F003_C01,Long_Context,Supported,Supported,YES,High,cross_section_synthesis,"The filing states that JPMorganChase is a leading financial services firm with worldwide operations, had $4.4 trillion in assets as of December 31, 2025, and has three reportable business segments: CCB, CIB, and AWM. These statements match the claim."
MR017_RAG,F003_C01,RAG,Supported,Supported,YES,High,cross_section_synthesis,"The retrieved filing evidence describes JPMorganChase as a financial services firm with operations worldwide, reports $4.4 trillion in assets as of December 31, 2025, and identifies three reportable business segments: CCB, CIB, and AWM. This supports the claim."
MR018_LC,F003_C02,Long_Context,Supported,Supported,YES,High,numeric_consistency,"The filing explicitly reports 2025 managed-basis total net revenue of $185,581 million, which equals $185.581 billion, and provision for credit losses of $14,212 million, which equals $14.212 billion. These figures match the claim exactly."
MR018_RAG,F003_C02,RAG,Supported,Supported,YES,High,numeric_consistency,"The filing table for 2025 reports provision for credit losses of $14,212 million and total net revenue - managed basis of $185,581 million. These equal $14.212 billion and $185.581 billion, matching the claim."
MR019_LC,F003_C03,Long_Context,Contradicted,Contradicted,YES,High,segment_consistency,"The filing explicitly states that JPMorganChase has three reportable business segments: CCB, CIB, and Asset & Wealth Management. Therefore, the claim that it reports only two segments and excludes AWM is contradicted by the evidence."
MR019_RAG,F003_C03,RAG,Contradicted,Contradicted,YES,High,segment_consistency,"The claim says JPMorganChase reports only two business segments, CCB and CIB, and excludes Asset & Wealth Management from reportable business segments. The filing evidence directly conflicts with this by stating that JPMorganChase has three reportable business segments: Consumer & Community Banking, Commercial & Investment Bank, and Asset & Wealth Management."
MR020_LC,F003_C04,Long_Context,Contradicted,Contradicted,YES,High,numeric_consistency,"The filing states that as of December 31, 2025 JPMorganChase had $4.4 trillion in assets and $362.4 billion in stockholders’ equity. The claim reverses these figures, asserting $362.4 billion in assets and $4.4 trillion in stockholders’ equity, which conflicts with the filing."
MR020_RAG,F003_C04,RAG,Contradicted,Contradicted,YES,High,numeric_consistency,"The filing evidence states that as of December 31, 2025, JPMorganChase had approximately $4.4 trillion in total assets and $362.4 billion in total stockholders’ equity. The claim reverses these amounts, stating $362.4 billion in assets and $4.4 trillion in stockholders’ equity, so it conflicts with the filing."
MR021_LC,F003_C05,Long_Context,Contradicted,Contradicted,YES,High,business_model_and_segments,"The filing explicitly states that Consumer & Community Banking is JPMorganChase's consumer business segment, while Commercial & Investment Bank and Asset & Wealth Management are the wholesale business segments. Therefore, the claim that CCB is classified as a wholesale business segment conflicts with the filing."
MR021_RAG,F003_C05,RAG,Contradicted,Contradicted,YES,High,business_model_and_segments,"The filing explicitly states that Consumer & Community Banking is JPMorganChase's consumer business segment, while the wholesale business segments are Commercial & Investment Bank and Asset & Wealth Management. Therefore, the claim that CCB is classified as a wholesale business segment conflicts with the filing evidence."
MR022_LC,F003_C06,Long_Context,Insufficient Evidence,Insufficient Evidence,YES,High,unsupported_causal_claim,"The filing supports that JPMorganChase's 2025 total net revenue increased, but it attributes the increase to business and market drivers such as Markets revenue, card balances, wholesale deposits, asset management fees, auto lease income, Payments fees and investment banking fees. The filing mentions AI in training and risk/technology contexts, but does not establish that AI adoption improved productivity across all business segments or caused the revenue increase."
MR022_RAG,F003_C06,RAG,Insufficient Evidence,Insufficient Evidence,YES,High,unsupported_causal_claim,"The evidence supports that JPMorganChase's 2025 total net revenue increased, but it attributes the increase to specific financial and business drivers rather than artificial intelligence adoption. The retrieved filing evidence does not establish that AI improved productivity across all business segments or caused the revenue increase."
MR023_LC,F003_C07,Long_Context,Insufficient Evidence,Insufficient Evidence,YES,High,missing_cross_section_support,"The filing evidence includes an exact 2025 wallet-share percentage for global investment banking fees (8.4%). However, the provided evidence for Consumer & Community Banking and Asset & Wealth Management discloses customers, balances, sales volume, AUM/client assets and similar metrics, not exact market-share percentages. Thus the evidence does not establish that exact 2025 market-share percentages are disclosed for all three areas named in the claim."
MR023_RAG,F003_C07,RAG,Insufficient Evidence,Insufficient Evidence,YES,High,missing_cross_section_support,"The retrieved evidence includes some investment banking ranking/wallet-share information, but it does not establish that JPMorganChase disclosed exact 2025 market-share percentages for consumer banking and asset management. Therefore, the claim that exact percentages are disclosed for each of the three areas is not established by the provided filing evidence."
MR024_LC,F003_C08,Long_Context,Contradicted,Insufficient Evidence,NO,High,unsupported_forward_looking_or_external_claim,"The filing mentions the Security and Resiliency Initiative, but does not state that it guarantees reduced operational losses in 2026. Instead, the filing cautions that 2026 forward-looking outcomes are not assured and describes operational risks that could cause material losses. This conflicts with the claim’s guarantee language."
MR024_RAG,F003_C08,RAG,Contradicted,Insufficient Evidence,NO,High,unsupported_forward_looking_or_external_claim,"The filing mentions the Security and Resiliency Initiative, but the retrieved evidence does not provide a guarantee that it will reduce operational losses in 2026. Instead, the filing expressly warns that forward-looking 2026 information is uncertain and that JPMorganChase cannot guarantee effective prevention or mitigation of cybersecurity and resiliency risks. This conflicts with the claim of a guaranteed reduction in operational losses."
MR025_LC,F004_C01,Long_Context,Supported,Supported,YES,High,cross_section_synthesis,"The filing explicitly states that Bank of America is one of the world's largest financial institutions and directly lists the four business segments named in the claim: Consumer Banking, Global Wealth & Investment Management (GWIM), Global Banking, and Global Markets."
MR025_RAG,F004_C01,RAG,Supported,Supported,YES,High,cross_section_synthesis,"The retrieved filing evidence directly states that Bank of America is one of the world's largest financial institutions and separately states that it provides services through four business segments: Consumer Banking, GWIM, Global Banking and Global Markets."
MR026_LC,F004_C02,Long_Context,Supported,Supported,YES,High,numeric_consistency,"The filing’s Consumer Banking segment table reports 2025 total revenue, net of interest expense, of $43,673 million and net income of $12,245 million, which match the claim’s $43.673 billion and $12.245 billion figures."
MR026_RAG,F004_C02,RAG,Supported,Supported,YES,High,numeric_consistency,"The retrieved filing evidence directly reports Consumer Banking 2025 total revenue, net of interest expense of $43,673 million and net income of $12,245 million. These amounts equal $43.673 billion and $12.245 billion, matching the claim."
MR027_LC,F004_C03,Long_Context,Contradicted,Contradicted,YES,High,segment_consistency,"The claim says Bank of America has three business segments and excludes Global Markets. The filing states that the company has four business segments and explicitly lists Global Markets as one of them. Therefore, the provided evidence conflicts with the claim."
MR027_RAG,F004_C03,RAG,Contradicted,Contradicted,YES,High,segment_consistency,"The claim says Bank of America has three business segments and excludes Global Markets as a segment. The filing evidence repeatedly states that Bank of America has four business segments and explicitly includes Global Markets as one of them. Therefore, the claim is contradicted."
MR028_LC,F004_C04,Long_Context,Contradicted,Contradicted,YES,High,numeric_consistency,"The filing reports Consumer Banking net income of $12.245 billion for 2025. The $10.759 billion figure appears in the same table as the 2024 net income. Therefore, the claim that Consumer Banking net income was $10.759 billion in 2025 conflicts with the filing evidence."
MR028_RAG,F004_C04,RAG,Contradicted,Contradicted,YES,High,numeric_consistency,"The filing evidence indicates that Consumer Banking net income was $12.245 billion in 2025. The $10.759 billion figure corresponds to 2024, not 2025. Therefore, the claim conflicts with the filing evidence."
MR029_LC,F004_C05,Long_Context,Contradicted,Contradicted,YES,High,risk_to_mda_linkage,"The filing does not state that market risk is inherent only in Global Markets. Instead, it says market risk is primarily within Global Markets and explicitly states the Corporation is also exposed to these risks in other areas, such as ALM activities, and that market risks impact businesses outside Global Markets."
MR029_RAG,F004_C05,RAG,Contradicted,Contradicted,YES,High,risk_to_mda_linkage,"The filing says market risk is primarily within Global Markets, not only within Global Markets. It explicitly states that other areas of the Corporation, such as ALM activities and mortgage banking, are exposed to market risk."
MR030_LC,F004_C06,Long_Context,Insufficient Evidence,Insufficient Evidence,YES,High,unsupported_causal_claim,The filing shows that active mobile banking users increased from 39.958 million to 41.427 million and states the increase reflected client growth and changing banking preferences. It does not state that AI features were added to mobile banking in 2025 or that such features caused the increase. The causal claim is therefore not established by the provided evidence.
MR030_RAG,F004_C06,RAG,Insufficient Evidence,Insufficient Evidence,YES,High,unsupported_causal_claim,"The filing evidence confirms that active mobile banking users increased in 2025, but it attributes the increase to client growth and changing banking preferences. The AI-related evidence is general risk and strategy discussion and does not identify AI features added during 2025 or establish that such features caused the mobile user increase."
MR031_LC,F004_C07,Long_Context,Insufficient Evidence,Insufficient Evidence,YES,High,missing_cross_section_support,"The evidence discloses total employees approximately and the percentage located in the U.S., and it identifies a London property, but it does not provide an exact number of employees located in the United Kingdom at December 31, 2025."
MR031_RAG,F004_C07,RAG,Insufficient Evidence,Insufficient Evidence,YES,High,missing_cross_section_support,"The retrieved filing evidence shows Bank of America had approximately 213,000 employees at December 31, 2025 and that 77% were located in the U.S. It also discusses global operations and workforce demographics, but it does not disclose an exact number of employees located in the United Kingdom. Therefore, the claim is not established by the provided evidence."
MR032_LC,F004_C08,Long_Context,Insufficient Evidence,Insufficient Evidence,YES,High,unsupported_forward_looking_or_external_claim,"The filing states that Bank of America operates approximately 3,600 retail/financial centers and mentions optimization of the network, including a net decrease of 72 financial centers. However, the provided evidence does not state or establish any commitment to close all retail financial centers by the end of 2026."
MR032_RAG,F004_C08,RAG,Insufficient Evidence,Insufficient Evidence,YES,High,unsupported_forward_looking_or_external_claim,"The retrieved filing evidence establishes that Bank of America operated approximately 3,600 retail financial centers at year-end 2025, but it does not state that the company has committed to closing all retail financial centers by the end of 2026. The evidence neither supports nor directly contradicts such a future commitment."
MR033_LC,F005_C01,Long_Context,Supported,Supported,YES,High,cross_section_synthesis,"The filing explicitly states that Verizon has two reportable segments, Verizon Consumer Group and Verizon Business Group. It also explicitly states that in 2025 the Consumer segment’s revenues were $106.8 billion, representing approximately 77% of Verizon’s consolidated revenues. Therefore, the claim is supported by the provided filing evidence."
MR033_RAG,F005_C01,RAG,Supported,Supported,YES,High,cross_section_synthesis,"The retrieved filing evidence directly confirms both parts of the claim: Verizon has two reportable segments, Consumer and Business, and the Consumer segment generated $106.8 billion of revenue in 2025, representing approximately 77% of consolidated revenues."
MR034_LC,F005_C02,Long_Context,Supported,Supported,YES,High,numeric_consistency,"The filing explicitly reports consolidated operating revenues of $138.191 billion in 2025 and $134.788 billion in 2024. The same table states the increase was $3.403 billion, or 2.5%, matching the claim exactly."
MR034_RAG,F005_C02,RAG,Supported,Supported,YES,High,numeric_consistency,"The filing evidence reports consolidated operating revenues of $138,191 million in 2025 and $134,788 million in 2024. The increase is $3,403 million, and $3,403 million divided by $134,788 million is approximately 2.5%, matching the claim."
MR035_LC,F005_C03,Long_Context,Supported,Supported,YES,High,risk_to_mda_linkage,"The filing explicitly states that Verizon is exposed to market risks from interest-rate changes and foreign-currency exchange-rate fluctuations. It also states that Verizon uses derivatives such as interest rate swaps, cross currency swaps, treasury rate locks, and foreign exchange forwards as risk-management tools and that it does not hold derivatives for trading purposes. Therefore, the claim is supported."
MR035_RAG,F005_C03,RAG,Supported,Supported,YES,High,risk_to_mda_linkage,The filing evidence directly supports the claim: Verizon discloses exposure to interest-rate and foreign-exchange market risks and states that it uses derivatives to manage these risks while not holding derivatives for trading purposes.
MR036_LC,F005_C04,Long_Context,Contradicted,Contradicted,YES,High,segment_consistency,"The filing states that Verizon has two reportable segments: Consumer and Business. The claim says Verizon reports three operating segments: Consumer, Business and Media. Because the provided filing evidence explicitly identifies only two segments and does not include Media as a segment, the claim is contradicted."
MR036_RAG,F005_C04,RAG,Contradicted,Contradicted,YES,High,segment_consistency,"The claim says Verizon reports three operating segments: Consumer, Business and Media. The filing evidence explicitly states Verizon has two reportable segments, Consumer and Business, and does not identify Media as a segment. Therefore the claim conflicts with the filing evidence."
MR037_LC,F005_C05,Long_Context,Contradicted,Contradicted,YES,High,numeric_consistency,"The filing states that Verizon's Business segment operating revenues decreased by $462 million, or 1.6%, in 2025 compared with 2024. The claim says they increased by that amount and percentage, which conflicts with the filing evidence."
MR037_RAG,F005_C05,RAG,Contradicted,Contradicted,YES,High,numeric_consistency,"The retrieved filing evidence consistently states that Verizon's Business segment operating revenues decreased by $462 million, or 1.6%, in 2025 compared to 2024, not increased. Therefore, the claim is contradicted."
MR038_LC,F005_C06,Long_Context,Contradicted,Insufficient Evidence,NO,High,unsupported_causal_claim,"The filing explicitly explains the 2025 Consumer revenue increase as resulting from higher service, wireless equipment, and other revenues. It further attributes service revenue growth primarily to postpaid revenue from perks, premium MyPlan adoption, pricing actions, FWA subscriber growth, and non-retail service revenue, while equipment revenue growth came from higher device volumes/upgrades and higher-priced equipment. Although AI and automation are mentioned as network technologies, the filing does not identify them as the primary cause of Consumer revenue growth; the stated causes conflict with the claim."
MR038_RAG,F005_C06,RAG,Contradicted,Insufficient Evidence,NO,High,unsupported_causal_claim,"The filing explicitly attributes Verizon Consumer's 2025 revenue increase to service revenue growth, wireless equipment revenue growth, and other revenue factors such as pricing actions, MyPlan/perk adoption, FWA subscriber growth, higher device upgrade volume, higher-priced equipment mix, and regulatory surcharges. Although AI and automation are mentioned as network technologies, the evidence does not identify them as the primary cause of the Consumer revenue increase, and the stated causes conflict with the claim."
MR039_LC,F005_C07,Long_Context,Insufficient Evidence,Insufficient Evidence,YES,High,missing_cross_section_support,"The filing contains general disclosures about Verizon’s wireless network, 5G-related services, spectrum holdings, and network densification using macro and small cell technology. However, the provided evidence does not identify an exact number of 5G network cell sites active at December 31, 2025."
MR039_RAG,F005_C07,RAG,Insufficient Evidence,Insufficient Evidence,YES,High,missing_cross_section_support,"The retrieved filing evidence mentions Verizon's 5G networks, small cell technology, and facilities including cell sites, but none of the cited evidence discloses an exact number of 5G network cell sites active as of December 31, 2025. Therefore, the claim is not established by the provided evidence."
MR040_LC,F005_C08,Long_Context,Contradicted,Insufficient Evidence,NO,High,unsupported_forward_looking_or_external_claim,"The filing discusses the Frontier acquisition as expanding Verizon's fiber footprint and creating expected opportunities or benefits, but it does not guarantee an increase in consolidated operating revenues in 2026. Its forward-looking statement caution and acquisition-risk disclosures expressly state that anticipated benefits may not be achieved within the expected period or at all, which conflicts with the claim of a guarantee."
MR040_RAG,F005_C08,RAG,Insufficient Evidence,Insufficient Evidence,YES,High,unsupported_forward_looking_or_external_claim,"The evidence indicates Verizon completed the Frontier acquisition in January 2026 and expects broadband revenue to benefit from the expanded fiber footprint. However, the retrieved filing language does not guarantee that the transaction will increase consolidated operating revenues in 2026. It uses expectation-oriented language and does not establish the claimed guarantee."
MR041_LC,F006_C01,Long_Context,Supported,Supported,YES,High,cross_section_synthesis,"The filing explicitly states that Ford offers three customer-centered business segments—Ford Blue, Ford Model e, and Ford Pro—and separately states that it provides financial services through Ford Motor Credit Company LLC, or Ford Credit. This matches the claim."
MR041_RAG,F006_C01,RAG,Supported,Supported,YES,High,cross_section_synthesis,"The filing identifies Ford Blue, Ford Model e, Ford Pro, and Ford Credit as reportable segments. It describes Ford Blue and Ford Model e as serving retail customers with vehicles, parts, accessories, and digital services, while Ford Pro serves commercial, government, and rental customers with vehicles and fleet-related services. It separately describes Ford Credit as primarily vehicle-related financing and leasing activities. Together, the evidence supports the claim."
MR042_LC,F006_C02,Long_Context,Supported,Supported,YES,High,numeric_consistency,"The filing reports total 2025 revenues of $187,267 million, equivalent to $187.267 billion, and net income/(loss) attributable to Ford Motor Company of $(8,182) million, equivalent to a $8.182 billion net loss. Both figures match the claim."
MR042_RAG,F006_C02,RAG,Supported,Supported,YES,High,numeric_consistency,"The filing evidence reports amounts in millions: 2025 total revenue of 187,267 million, equal to $187.267 billion, and 2025 net income/(loss) attributable to Ford Motor Company of (8,182) million, equal to a $8.182 billion net loss. These figures match the claim."
MR043_LC,F006_C03,Long_Context,Supported,Supported,YES,High,risk_to_mda_linkage,"The filing’s Item 7A explicitly identifies exposure to foreign currency exchange rates, commodity prices, and interest rates, and states that Ford monitors and manages these exposures as an integral part of its overall risk management program. This directly supports the claim."
MR043_RAG,F006_C03,RAG,Supported,Supported,YES,High,risk_to_mda_linkage,"The retrieved Item 7A evidence explicitly says Ford is exposed to changes in foreign currency exchange rates, commodity prices, and interest rates, and that it monitors and manages these exposures as an integral part of its overall risk management program. This matches the claim."
MR044_LC,F006_C04,Long_Context,Contradicted,Contradicted,YES,High,segment_consistency,"The filing reports Ford Model e's 2025 EBIT as a loss of $4.806 billion, shown in parentheses and described as an EBIT loss with a negative EBIT margin. This conflicts with the claim that Ford Model e was profitable with positive EBIT of $4.806 billion."
MR044_RAG,F006_C04,RAG,Contradicted,Contradicted,YES,High,segment_consistency,"The claim says Ford Model e was profitable in 2025 with positive EBIT of $4.806 billion. The filing evidence reports Ford Model e 2025 EBIT as negative $4.806 billion, explicitly described as an EBIT loss, so the claim is contradicted."
MR045_LC,F006_C05,Long_Context,Contradicted,Contradicted,YES,High,causal_or_explanatory_claim,"The filing states that Ford Blue revenue decreased from $101.935 billion in 2024 to $101.019 billion in 2025, and wholesales decreased from 2.862 million to 2.728 million units. It also explicitly says 2025 revenue decreased 1% reflecting lower wholesales, not increased because wholesales increased."
MR045_RAG,F006_C05,RAG,Contradicted,Contradicted,YES,High,causal_or_explanatory_claim,"The retrieved filing evidence shows Ford Blue's 2025 revenue decreased from 2024, not increased, and that wholesales also decreased by 5%, not increased. The filing attributes the revenue decrease to lower wholesales, partially offset by favorable net pricing and mix."
MR046_LC,F006_C06,Long_Context,Contradicted,Contradicted,YES,High,numeric_consistency,"The filing reports Ford Pro's 2025 revenue as $66,286 million ($66.286 billion). The $101,019 million figure appears in the Ford Blue segment table for 2025, not Ford Pro. Therefore, the claim conflicts with the filing evidence."
MR046_RAG,F006_C06,RAG,Contradicted,Contradicted,YES,High,numeric_consistency,"The evidence states Ford Pro revenue was $66.906 billion in 2024 and that 2025 revenue decreased 1% year over year, implying 2025 revenue was about $66.2 billion, not $101.019 billion. The reported 2025 EBIT of $6.843 billion with a 10.3% EBIT margin also aligns with revenue around the mid-$60 billions, not $101.019 billion."
MR047_LC,F006_C07,Long_Context,Contradicted,Insufficient Evidence,NO,High,unsupported_causal_claim,"The filing conflicts with the claim. It reports an $8.182 billion 2025 net loss, while adjusted EBIT remained positive at $6.780 billion. The filing states the net income/loss decline was primarily driven by higher special items, including Model e asset impairment and EV program cancellations, and quantifies Model e impairment/EV cancellation special items at $10.657 billion. By contrast, tariffs had an estimated net EBIT impact of about $2 billion after offsets. Thus the evidence indicates special items, not tariffs, were the primary cause of the 2025 net loss."
MR047_RAG,F006_C07,RAG,Contradicted,Insufficient Evidence,NO,High,unsupported_causal_claim,"The filing evidence conflicts with the claim. Ford reported a 2025 net loss of $8.182 billion, while also reporting $17.356 billion in pre-tax special item charges primarily tied to Model e impairment and EV program cancellations, among other items. By contrast, the net EBIT impact of tariffs was about $2 billion after offsets and is discussed as a factor in adjusted EBIT declines, not as the primary cause of the net loss. The filing explicitly says the net income/loss decline was primarily driven by higher special items."
MR048_LC,F006_C08,Long_Context,Contradicted,Insufficient Evidence,NO,High,unsupported_forward_looking_or_external_claim,"The filing does not guarantee that Ford Model e will be EBIT-positive in 2026. Instead, Ford's 2026 outlook explicitly expects Ford Model e to have an EBIT loss of $4.0 billion to $4.5 billion, and the forward-looking statement caveat states that expectations are not certain."
MR048_RAG,F006_C08,RAG,Contradicted,Insufficient Evidence,NO,High,unsupported_forward_looking_or_external_claim,"The filing evidence directly conflicts with the claim. Ford's 2026 outlook says it expects Ford Model e to have an EBIT loss of $4.0 billion to $4.5 billion, not positive EBIT, and the guidance is explicitly forward-looking and not guaranteed."
