case_id,filing_id,company,expected_label,case_type,filing_reference_anchors,ground_truth_rationale,source_file,expected_label_hidden_from_prompt,manifest_version,pre_analysis_amendment_id
F001_C01,F001,Apple Inc.,Supported,cross_section_synthesis,Item 1 @ chars 25615-25727; Item 7 @ chars 121955-122021,"Supported because Item 1 identifies Americas, Europe, Greater China, Japan and Rest of Asia Pacific as reportable geographic segments, and MD&A presents net sales by reportable segment for 2025.",F001_0000320193-25-000079.txt,YES,claim_case_manifest_v1_locked_amendment001,
F001_C02,F001,Apple Inc.,Supported,numeric_consistency,Item 7 @ chars 123417-123433; Item 7 @ chars 123614-123635,"Supported by the Products and Services Performance table, which lists iPhone, Services and total net sales for 2025 in millions.",F001_0000320193-25-000079.txt,YES,claim_case_manifest_v1_locked_amendment001,
F001_C03,F001,Apple Inc.,Supported,risk_to_mda_linkage,Item 1A @ chars 39859-39938; Item 7A @ chars 136235-136321,Supported by risk-factor language on sales outside the U.S. and Item 7A disclosure of economic risk from interest rates and foreign exchange rates.,F001_0000320193-25-000079.txt,YES,claim_case_manifest_v1_locked_amendment001,
F001_C04,F001,Apple Inc.,Contradicted,segment_consistency,Item 1 @ chars 25549-25613; Item 1 @ chars 25615-25672,"Contradicted because the filing states that Apple manages business primarily on a geographic basis and its reportable segments are geographic regions, not product lines.",F001_0000320193-25-000079.txt,YES,claim_case_manifest_v1_locked_amendment001,
F001_C05,F001,Apple Inc.,Contradicted,causal_or_explanatory_claim,Item 7 @ chars 124419-124468; Item 7 @ chars 124503-124570,"Contradicted because MD&A states Services net sales increased in 2025 and attributes the increase partly to higher net sales from advertising, the App Store and cloud services.",F001_0000320193-25-000079.txt,YES,claim_case_manifest_v1_locked_amendment001,
F001_C06,F001,Apple Inc.,Contradicted,numeric_consistency,Item 7 @ chars 122332-122357; Item 7 @ chars 123614-123635,Contradicted because those values correspond to 2024 in the table; 2025 total net sales were $416.161 billion and Services net sales were $109.158 billion.,F001_0000320193-25-000079.txt,YES,claim_case_manifest_v1_locked_amendment001,
F001_C07,F001,Apple Inc.,Insufficient Evidence,unsupported_causal_claim,Item 7 @ chars 124419-124468; Item 7 @ chars 124503-124570,"Insufficient Evidence because the filing supports a Services net sales increase and gives specific drivers, but the reviewed filing evidence does not explicitly attribute that increase to Apple Intelligence.",F001_0000320193-25-000079.txt,YES,claim_case_manifest_v1_locked_amendment001,
F001_C08,F001,Apple Inc.,Insufficient Evidence,missing_cross_section_support,Item 7 @ chars 123857-123895; Item 7 @ chars 123293-123349,"Insufficient Evidence because the filing provides iPhone net sales and product discussion, but this case requires a unit-sales count not located in the supplied filing evidence.",F001_0000320193-25-000079.txt,YES,claim_case_manifest_v1_locked_amendment001,
F002_C01,F002,"Amazon.com, Inc.",Supported,cross_section_synthesis,Item 1 @ chars 35775-35882; Item 7 @ chars 138808-138899,"Supported because Item 1 states the three operating segments, while MD&A repeats those same segments for results analysis.",F002_0001018724-26-000004.txt,YES,claim_case_manifest_v1_locked_amendment001,
F002_C02,F002,"Amazon.com, Inc.",Supported,numeric_consistency,Item 7 @ chars 140537-140570; Item 7 @ chars 140515-140535,"Supported by the MD&A net sales table, which reports 2025 consolidated net sales and AWS net sales in millions.",F002_0001018724-26-000004.txt,YES,claim_case_manifest_v1_locked_amendment001,
F002_C03,F002,"Amazon.com, Inc.",Supported,risk_to_mda_linkage,Item 1 @ chars 37910-38067; Item 7 @ chars 139403-139552,Supported by Item 1 description of AWS services and MD&A discussion of macroeconomic and technology factors including AI.,F002_0001018724-26-000004.txt,YES,claim_case_manifest_v1_locked_amendment001,
F002_C04,F002,"Amazon.com, Inc.",Contradicted,segment_consistency,Item 1 @ chars 35775-35882; Item 1 @ chars 35892-35996,"Contradicted because the filing states that Amazon has three segments: North America, International and AWS.",F002_0001018724-26-000004.txt,YES,claim_case_manifest_v1_locked_amendment001,
F002_C05,F002,"Amazon.com, Inc.",Contradicted,numeric_consistency,Item 7 @ chars 140515-140535; Item 7 @ chars 140402-140445,Contradicted because the net sales table shows AWS at $128.725 billion for 2025; $107.556 billion is the 2024 amount.,F002_0001018724-26-000004.txt,YES,claim_case_manifest_v1_locked_amendment001,
F002_C06,F002,"Amazon.com, Inc.",Insufficient Evidence,unsupported_causal_claim,Item 7 @ chars 140951-140978; Item 7 @ chars 139403-139470,"Insufficient Evidence because MD&A reports 12% sales growth and separately discusses AI initiatives and uncertainty, but the filing does not explicitly attribute the consolidated 2025 sales increase primarily to AI initiatives.",F002_0001018724-26-000004.txt,YES,claim_case_manifest_v1_locked_amendment001,
F002_C07,F002,"Amazon.com, Inc.",Insufficient Evidence,missing_cross_section_support,Item 1 @ chars 36867-36901; Item 1 @ chars 36837-36858,"Insufficient Evidence because the filing discusses Amazon Prime as a subscription service, but the supplied filing evidence does not provide the exact global Prime member count required by the claim.",F002_0001018724-26-000004.txt,YES,claim_case_manifest_v1_locked_amendment001,
F002_C08,F002,"Amazon.com, Inc.",Insufficient Evidence,unsupported_forward_looking_or_external_claim,Item 7 @ chars 142165-142196; Item 1 @ chars 37910-37972,"Insufficient Evidence because the filing reports AWS sales and describes AWS services, but it does not provide the external comparative market-share statement asserted in the claim.",F002_0001018724-26-000004.txt,YES,claim_case_manifest_v1_locked_amendment001,
F003_C01,F003,JPMorgan Chase & Co.,Supported,cross_section_synthesis,Item 1 @ chars 240356-240440; Filing text / embedded MD&A or note section @ chars 437553-437618,Supported by the business overview and business-segment description in the filing.,F003_0001628280-26-008131.txt,YES,claim_case_manifest_v1_locked_amendment001,
F003_C02,F003,JPMorgan Chase & Co.,Supported,numeric_consistency,Filing text / embedded MD&A or note section @ chars 479223-479262; Filing text / embedded MD&A or note section @ chars 429375-429409,"Supported by the managed-basis reconciliation table in the filing, which lists total net revenue and provision for credit losses for 2025.",F003_0001628280-26-008131.txt,YES,claim_case_manifest_v1_locked_amendment001,
F003_C03,F003,JPMorgan Chase & Co.,Contradicted,segment_consistency,Filing text / embedded MD&A or note section @ chars 437553-437618; Item 1 @ chars 242753-242778,"Contradicted because the filing states there are three reportable business segments: CCB, CIB and AWM.",F003_0001628280-26-008131.txt,YES,claim_case_manifest_v1_locked_amendment001,
F003_C04,F003,JPMorgan Chase & Co.,Contradicted,numeric_consistency,Item 1 @ chars 240356-240440; Item 1A @ chars 392280-392303,Contradicted because the filing gives the reverse: $4.4 trillion in assets and $362.4 billion in stockholders’ equity.,F003_0001628280-26-008131.txt,YES,claim_case_manifest_v1_locked_amendment001,
F003_C05,F003,JPMorgan Chase & Co.,Contradicted,business_model_and_segments,Filing text / embedded MD&A or note section @ chars 437749-437792; Filing text / embedded MD&A or note section @ chars 437798-437852,"Contradicted because the filing states that CCB is the consumer business segment, while CIB and AWM are the wholesale business segments.",F003_0001628280-26-008131.txt,YES,claim_case_manifest_v1_locked_amendment001,
F003_C06,F003,JPMorgan Chase & Co.,Insufficient Evidence,unsupported_causal_claim,Filing text / embedded MD&A or note section @ chars 479223-479262; Item 1 @ chars 243330-243366,"Insufficient Evidence because the filing provides segment and revenue information, but the reviewed evidence does not explicitly attribute total net revenue change to AI-driven productivity across all segments.",F003_0001628280-26-008131.txt,YES,claim_case_manifest_v1_locked_amendment001,
F003_C07,F003,JPMorgan Chase & Co.,Insufficient Evidence,missing_cross_section_support,Item 1 @ chars 240466-240508; Filing text / embedded MD&A or note section @ chars 238670-238681,"Insufficient Evidence because the filing describes competitive position and business activities, but the exact multi-business market-share percentages required by the claim are not present in the supplied filing evidence.",F003_0001628280-26-008131.txt,YES,claim_case_manifest_v1_locked_amendment001,
F003_C08,F003,JPMorgan Chase & Co.,Insufficient Evidence,unsupported_forward_looking_or_external_claim,Filing text / embedded MD&A or note section @ chars 449048-449082; Filing text / embedded MD&A or note section @ chars 427022-427048,"Insufficient Evidence because the filing mentions the Security and Resiliency Initiative, but the supplied evidence does not provide a guarantee of reduced 2026 operational losses.",F003_0001628280-26-008131.txt,YES,claim_case_manifest_v1_locked_amendment001,
F004_C01,F004,Bank of America Corp.,Supported,cross_section_synthesis,Item 1 @ chars 299504-299572; Item 1 @ chars 302529-302570,"Supported by Item 1, which provides the business overview and segment structure.",F004_0000070858-26-000157.txt,YES,claim_case_manifest_v1_locked_amendment001,
F004_C02,F004,Bank of America Corp.,Supported,numeric_consistency,Item 1 @ chars 508629-508677; Item 1 @ chars 509105-509124,Supported by the Consumer Banking table in MD&A.,F004_0000070858-26-000157.txt,YES,claim_case_manifest_v1_locked_amendment001,
F004_C03,F004,Bank of America Corp.,Contradicted,segment_consistency,Item 1 @ chars 302529-302570; Item 1 @ chars 302622-302657,Contradicted because the filing lists four business segments and explicitly includes Global Markets.,F004_0000070858-26-000157.txt,YES,claim_case_manifest_v1_locked_amendment001,
F004_C04,F004,Bank of America Corp.,Contradicted,numeric_consistency,Item 1 @ chars 509105-509133; Item 1 @ chars 302554-302570,Contradicted because the Consumer Banking table reports $12.245 billion for 2025 and $10.759 billion for 2024.,F004_0000070858-26-000157.txt,YES,claim_case_manifest_v1_locked_amendment001,
F004_C05,F004,Bank of America Corp.,Contradicted,risk_to_mda_linkage,Item 7 @ chars 686508-686553; Item 7 @ chars 686555-686623,Contradicted because the filing says market risk is primarily within Global Markets but also exists in other areas such as ALM activities.,F004_0000070858-26-000157.txt,YES,claim_case_manifest_v1_locked_amendment001,
F004_C06,F004,Bank of America Corp.,Insufficient Evidence,unsupported_causal_claim,Item 1 @ chars 513703-513765; Item 1 @ chars 513796-513850,"Insufficient Evidence because the filing notes active mobile banking user growth and client preference changes, but the supplied evidence does not attribute that growth to AI features.",F004_0000070858-26-000157.txt,YES,claim_case_manifest_v1_locked_amendment001,
F004_C07,F004,Bank of America Corp.,Insufficient Evidence,missing_cross_section_support,Item 1 @ chars 469289-469333; Item 1 @ chars 469434-469477,"Insufficient Evidence because the filing provides total headcount and geographic operations, but the reviewed evidence does not provide the exact U.K. employee count asserted by the claim.",F004_0000070858-26-000157.txt,YES,claim_case_manifest_v1_locked_amendment001,
F004_C08,F004,Bank of America Corp.,Insufficient Evidence,unsupported_forward_looking_or_external_claim,Item 1 @ chars 469625-469669; Item 1 @ chars 513852-513897,"Insufficient Evidence because the filing discusses its retail banking footprint and changes in financial centers, but the supplied evidence does not contain the asserted commitment to close all centers by 2026.",F004_0000070858-26-000157.txt,YES,claim_case_manifest_v1_locked_amendment001,
F005_C01,F005,Verizon Communications Inc.,Supported,cross_section_synthesis,Item 1 @ chars 93750-93836; Item 1 @ chars 94697-94744,Supported by Item 1 segment disclosure and segment revenue information.,F005_0000732712-26-000007.txt,YES,claim_case_manifest_v1_locked_amendment001,
F005_C02,F005,Verizon Communications Inc.,Supported,numeric_consistency,Item 7 @ chars 191259-191324; Item 7 @ chars 191326-191379,Supported by the Consolidated Operating Revenues table in MD&A.,F005_0000732712-26-000007.txt,YES,claim_case_manifest_v1_locked_amendment001,
F005_C03,F005,Verizon Communications Inc.,Supported,risk_to_mda_linkage,Item 7A @ chars 295447-295537; Item 7A @ chars 295880-295927,Supported by Item 7A market-risk disclosure.,F005_0000732712-26-000007.txt,YES,claim_case_manifest_v1_locked_amendment001,
F005_C04,F005,Verizon Communications Inc.,Contradicted,segment_consistency,Item 1 @ chars 93758-93781; Item 1 @ chars 96568-96589,Contradicted because the filing states Verizon has two reportable segments: Consumer and Business.,F005_0000732712-26-000007.txt,YES,claim_case_manifest_v1_locked_amendment001,
F005_C05,F005,Verizon Communications Inc.,Contradicted,numeric_consistency,Item 7 @ chars 191145-191180; Item 7 @ chars 191478-191519,"Contradicted because the Consolidated Operating Revenues table shows Business revenues decreased by $462 million, or 1.6%, in 2025.",F005_0000732712-26-000007.txt,YES,claim_case_manifest_v1_locked_amendment001,
F005_C06,F005,Verizon Communications Inc.,Insufficient Evidence,unsupported_causal_claim,Item 7 @ chars 191099-191141; Item 1 @ chars 105696-105713,"Insufficient Evidence because the filing supports Consumer revenue growth and separately discusses network technologies, but the supplied evidence does not explicitly attribute the Consumer revenue increase primarily to AI automation.",F005_0000732712-26-000007.txt,YES,claim_case_manifest_v1_locked_amendment001,
F005_C07,F005,Verizon Communications Inc.,Insufficient Evidence,missing_cross_section_support,Item 7 @ chars 184141-184162; Item 1 @ chars 106341-106364,"Insufficient Evidence because the filing discusses 5G/4G LTE and network densification, but the supplied evidence does not provide the exact active 5G cell-site count required by the claim.",F005_0000732712-26-000007.txt,YES,claim_case_manifest_v1_locked_amendment001,
F005_C08,F005,Verizon Communications Inc.,Insufficient Evidence,unsupported_forward_looking_or_external_claim,Filing text / embedded MD&A or note section @ chars 9471-9479; Item 1 @ chars 128155-128170,"Insufficient Evidence because the filing mentions Frontier as a recent development, but the supplied evidence does not guarantee a 2026 consolidated revenue increase from that transaction.",F005_0000732712-26-000007.txt,YES,claim_case_manifest_v1_locked_amendment001,
F006_C01,F006,Ford Motor Co.,Supported,cross_section_synthesis,Item 1 @ chars 120189-120241; Item 1 @ chars 120663-120724,Supported by Item 1 business description.,F006_0000037996-26-000015.txt,YES,claim_case_manifest_v1_locked_amendment001,
F006_C02,F006,Ford Motor Co.,Supported,numeric_consistency,Item 7 @ chars 345104-345133; Item 7 @ chars 341532-341594,Supported by MD&A company key metrics and results of operations.,F006_0000037996-26-000015.txt,YES,claim_case_manifest_v1_locked_amendment001,
F006_C03,F006,Ford Motor Co.,Supported,risk_to_mda_linkage,Item 7A @ chars 479876-479967; Item 1A @ chars 255153-255184,Supported by risk/market-risk disclosures in Item 7A.,F006_0000037996-26-000015.txt,YES,claim_case_manifest_v1_locked_amendment001,
F006_C04,F006,Ford Motor Co.,Contradicted,segment_consistency,Filing text / embedded MD&A or note section @ chars 117344-117364; Item 7 @ chars 349360-349385,Contradicted because the filing reports a Ford Model e EBIT loss of $4.806 billion for 2025.,F006_0000037996-26-000015.txt,YES,claim_case_manifest_v1_locked_amendment001,
F006_C05,F006,Ford Motor Co.,Contradicted,causal_or_explanatory_claim,Filing text / embedded MD&A or note section @ chars 117323-117340; Item 7 @ chars 348278-348313,Contradicted because the filing states Ford Blue revenue decreased 1% and wholesales decreased 5% from a year ago.,F006_0000037996-26-000015.txt,YES,claim_case_manifest_v1_locked_amendment001,
F006_C06,F006,Ford Motor Co.,Contradicted,numeric_consistency,Filing text / embedded MD&A or note section @ chars 117323-117340; Filing text / embedded MD&A or note section @ chars 116618-116634,Contradicted because $101.019 billion is Ford Blue's 2025 revenue; Ford Pro's 2025 revenue was $66.286 billion.,F006_0000037996-26-000015.txt,YES,claim_case_manifest_v1_locked_amendment001,
F006_C07,F006,Ford Motor Co.,Insufficient Evidence,unsupported_causal_claim,Item 7 @ chars 346852-346904; Item 7 @ chars 348998-349018,Insufficient Evidence because the filing discusses tariffs and also states the year-over-year net income decrease was primarily driven by higher special items and lower Ford Blue/Ford Pro EBIT; the supplied evidence does not support the tariff-primary causal claim.,F006_0000037996-26-000015.txt,YES,claim_case_manifest_v1_locked_amendment001,A001
F006_C08,F006,Ford Motor Co.,Insufficient Evidence,unsupported_forward_looking_or_external_claim,Item 7 @ chars 349900-349958; Filing text / embedded MD&A or note section @ chars 117710-117736,"Insufficient Evidence because the filing reports Ford Model e's 2025 EBIT loss and discusses forward-looking statements, but it does not provide the asserted guarantee.",F006_0000037996-26-000015.txt,YES,claim_case_manifest_v1_locked_amendment001,
